LOAD_CHUNK_0, 2026-06-02 22:11:47
LOAD_CHUNK_0, 2026-06-02 22:13:22
LOAD_CHUNK_0, 2026-06-02 22:17:55
LOAD_CHUNK_0, 2026-06-02 22:18:40
LOAD_CHUNK_0, 2026-06-02 22:19:01
MINE_BLOCK_Wood, 2026-06-02 22:19:08
MINE_BLOCK_Wood, 2026-06-02 22:19:09
LOAD_CHUNK_1, 2026-06-02 22:19:16
MINE_BLOCK_Wood, 2026-06-02 22:19:18
MINE_BLOCK_Wood, 2026-06-02 22:19:19
MINE_BLOCK_Wood, 2026-06-02 22:19:19
MINE_BLOCK_Wood, 2026-06-02 22:19:19
MINE_BLOCK_Wood, 2026-06-02 22:19:20
MINE_BLOCK_Wood, 2026-06-02 22:19:20
MINE_BLOCK_Wood, 2026-06-02 22:19:21
MINE_BLOCK_Wood, 2026-06-02 22:19:21
LOAD_CHUNK_0, 2026-06-02 22:19:22
LOAD_CHUNK_1, 2026-06-02 22:19:24
LOAD_CHUNK_0, 2026-06-02 22:19:26
LOAD_CHUNK_1, 2026-06-02 22:19:27
MINE_BLOCK_Grass, 2026-06-02 22:19:30
MINE_BLOCK_Dirt, 2026-06-02 22:19:30
MINE_BLOCK_Dirt, 2026-06-02 22:19:30
MINE_BLOCK_Grass, 2026-06-02 22:19:31
MINE_BLOCK_Dirt, 2026-06-02 22:19:31
MINE_BLOCK_Grass, 2026-06-02 22:19:31
LOAD_CHUNK_0, 2026-06-02 22:19:32
LOAD_CHUNK_1, 2026-06-02 22:19:35
LOAD_CHUNK_0, 2026-06-02 22:19:38
LOAD_CHUNK_1, 2026-06-02 22:19:40
MINE_BLOCK_Grass, 2026-06-02 22:19:43
MINE_BLOCK_Wood, 2026-06-02 22:19:43
MINE_BLOCK_Wood, 2026-06-02 22:19:43
LOAD_CHUNK_0, 2026-06-02 22:19:44
LOAD_CHUNK_1, 2026-06-02 22:19:45
LOAD_CHUNK_0, 2026-06-02 22:21:45
LOAD_CHUNK_1, 2026-06-02 22:21:53
MINE_BLOCK_Wood, 2026-06-02 22:21:54
MINE_BLOCK_Wood, 2026-06-02 22:21:54
MINE_BLOCK_Wood, 2026-06-02 22:21:54
MINE_BLOCK_Wood, 2026-06-02 22:21:54
MINE_BLOCK_Leaves, 2026-06-02 22:21:55
MINE_BLOCK_Wood, 2026-06-02 22:21:55
MINE_BLOCK_Grass, 2026-06-02 22:21:55
MINE_BLOCK_Grass, 2026-06-02 22:21:56
MINE_BLOCK_Grass, 2026-06-02 22:21:59
MINE_BLOCK_Dirt, 2026-06-02 22:22:02
MINE_BLOCK_Dirt, 2026-06-02 22:22:02
MINE_BLOCK_Dirt, 2026-06-02 22:22:05
MINE_BLOCK_Dirt, 2026-06-02 22:22:07
MINE_BLOCK_Grass, 2026-06-02 22:22:08
MINE_BLOCK_Grass, 2026-06-02 22:22:09
LOAD_CHUNK_0, 2026-06-02 22:22:10
LOAD_CHUNK_1, 2026-06-02 22:22:15
MINE_BLOCK_Grass, 2026-06-02 22:22:21
MINE_BLOCK_Dirt, 2026-06-02 22:22:21
MINE_BLOCK_Grass, 2026-06-02 22:22:21
MINE_BLOCK_Grass, 2026-06-02 22:22:22
LOAD_CHUNK_0, 2026-06-02 22:22:24
MINE_BLOCK_Wood, 2026-06-02 22:22:27
MINE_BLOCK_Wood, 2026-06-02 22:22:27
ATTACK_ENTITY_19, 2026-06-02 22:22:33
ATTACK_ENTITY_19, 2026-06-02 22:22:34
ATTACK_ENTITY_19, 2026-06-02 22:22:34
ATTACK_ENTITY_19, 2026-06-02 22:22:34
ATTACK_ENTITY_19, 2026-06-02 22:22:34
MINE_BLOCK_Grass, 2026-06-02 22:22:36
LOAD_CHUNK_-1, 2026-06-02 22:22:39
MINE_BLOCK_Wood, 2026-06-02 22:22:41
MINE_BLOCK_Wood, 2026-06-02 22:22:42
MINE_BLOCK_Wood, 2026-06-02 22:22:42
MINE_BLOCK_Wood, 2026-06-02 22:22:42
MINE_BLOCK_Grass, 2026-06-02 22:22:43
MINE_BLOCK_Dirt, 2026-06-02 22:22:44
MINE_BLOCK_Grass, 2026-06-02 22:22:44
MINE_BLOCK_Grass, 2026-06-02 22:22:45
LOAD_CHUNK_0, 2026-06-02 22:22:45
LOAD_CHUNK_1, 2026-06-02 22:22:50
LOAD_CHUNK_0, 2026-06-02 22:22:52
